Property,Value
fov,90.00000250447816
sensor_width,36.0
sensor_height,24.0
clip_start,0.10000000149011612
clip_end,1000.0
type,PERSP
shift_x,0.0
shift_y,0.0
dof_distance,10.0
location_x,6.241810321807861
location_y,-37.952274322509766
location_z,0.8069829940795898
rotation_euler_x,78.08459406341835
rotation_euler_y,-0.0018460653965008975
rotation_euler_z,454.89505200618805
resolution_x,640
resolution_y,480
