Property,Value
fov,90.00000250447816
sensor_width,36.0
sensor_height,24.0
clip_start,0.10000000149011612
clip_end,1000.0
type,PERSP
shift_x,0.0
shift_y,0.0
dof_distance,10.0
location_x,6.043237209320068
location_y,-9.566537857055664
location_z,0.7176588177680969
rotation_euler_x,65.60751867634087
rotation_euler_y,-0.0011924237134242823
rotation_euler_z,348.339756953677
resolution_x,640
resolution_y,480
