Property,Value
fov,90.00000250447816
sensor_width,36.0
sensor_height,24.0
clip_start,0.10000000149011612
clip_end,1000.0
type,PERSP
shift_x,0.0
shift_y,0.0
dof_distance,10.0
location_x,4.460115432739258
location_y,-9.275675773620605
location_z,0.744428277015686
rotation_euler_x,70.72717576118315
rotation_euler_y,-0.0013350413274775715
rotation_euler_z,308.33943709841435
resolution_x,640
resolution_y,480
