Property,Value
fov,90.00000250447816
sensor_width,36.0
sensor_height,24.0
clip_start,0.10000000149011612
clip_end,1000.0
type,PERSP
shift_x,0.0
shift_y,0.0
dof_distance,10.0
location_x,9.931051254272461
location_y,-46.61153793334961
location_z,2.1640443801879883
rotation_euler_x,40.3229267652353
rotation_euler_y,-0.0008857243949036575
rotation_euler_z,490.7302951848203
resolution_x,340
resolution_y,80
